<?xml version="1.0" encoding="UTF-8"?>
<!DOCTYPE mapper
   PUBLIC "-//mybatis.org//DTD Mapper 3.0//EN"
   "http://mybatis.org/dtd/mybatis-3-mapper.dtd">
   
<mapper namespace="com.study.spring.dao.IDao">
   <select id="listDao" resultType="com.study.spring.dto.ContentDto">
      	select * 
		from ( 
			select rownum num, A.* 
			from ( 
				select * 
				from mvc_board 
				order by bgroup desc, bstep asc ) A 
			where rownum <![CDATA[<=]]> #{param1} ) B 
		where B.num >= #{param2}
   </select>
   
   <select id="contentDao" resultType="com.study.spring.dto.ContentDto">
      SELECT * FROM MVC_BOARD WHERE BID = #{param1}
   </select>
   
   
   <select id="pageDao" resultType="Integer">
      select count(*) as total from mvc_board
   </select>
   
   
   
   <delete id="deleteDao">
      DELETE FROM MVC_BOARD WHERE BID = #{param1}
   </delete>
   
   <update id="modifyDao">
   		update  mvc_board
		set 	bName = #{param1}, 
				bTitle = #{param2}, 
				bContent = #{param3}
		where	bId = #{param4} 
   </update>
   
   <update id="upHit">
   		update 	mvc_board
		set 	bHit = bHit + 1
		where	bId = #{param4} 
   </update>
   
   
   <insert id="replyDao">
      INSERT INTO MVC_BOARD (BID, BNAME, BTITLE, BCONTENT, BGROUP, BSTEP, BINDENT) 
      VALUES (MVC_BOARD_SEQ.NEXTVAL, #{param1}, #{param2}, #{param3}, #{param4}, #{param5}+1, #{param6}+1)
   </insert>
   
   <insert id="replyShape">
      UPDATE MVC_BOARD SET BSTEP = BSTEP+1 WHERE BGROUP = #{param1} AND BSTEP > #{param2}
   </insert>
   
   <insert id="writeDao">
      INSERT INTO MVC_BOARD (BID, BNAME, BTITLE, BCONTENT, BHIT, BGROUP, BSTEP, BINDENT) 
      VALUES (MVC_BOARD_SEQ.NEXTVAL, #{param1}, #{param2}, #{param3}, 0, MVC_BOARD_SEQ.CURRVAL, 0, 0)
   </insert>
   
</mapper>