<?xml version="1.0" encoding="UTF-8"?>
<!DOCTYPE mapper
   PUBLIC "-//mybatis.org//DTD Mapper 3.0//EN"
   "http://mybatis.org/dtd/mybatis-3-mapper.dtd">

<mapper namespace="com.study.spring.dao.AcademyDao">

	<!-- 학원정보 받아오기 -->
	<select id="AcademyInfo" resultType="com.study.spring.dto.AcademyDto">
		SELECT ACADEMY_ID, ACADEMY_PW, ACADEMY_NAME, MANAGER_NAME, MANAGER_TEL, ACADEMY_TEL, ACADEMY_EMAIL, HOMEPAGE, ACADEMY_ADDRESS, ACADEMY_INTRODUCE
		FROM TB_ACADEMY WHERE ACADEMY_NAME = #{param1}
	</select>
	
	<!-- 학원정보 수정시 업데이트 -->
	<update id="AcademyModify">
		UPDATE TB_ACADEMY SET ACADEMY_PW = #{param2}, MANAGER_NAME = #{param3},	MANAGER_TEL = #{param4}, 
								ACADEMY_TEL = #{param5}, ACADEMY_EMAIL = #{param6,jdbcType=VARCHAR}, HOMEPAGE = #{param7,jdbcType=VARCHAR},
								 ACADEMY_ADDRESS = #{param8}, ACADEMY_INTRODUCE = #{param9,jdbcType=VARCHAR}
		WHERE ACADEMY_NAME = #{param1}
	</update>
	
	<!-- 학원 공지사항 -->
	<select id="AcademyBoardDao" resultType="com.study.spring.dto.AcademyBoardDto">
    	select * from ( select ROWNUM NUM, A.*
           	    from ( select * from TB_ACADEMY_BOARD where ACADEMY_NAME = #{param3}
           	    		order by REGISTRATIONDATE DESC ) A
       	       				where ROWNUM <![CDATA[<=]]> #{param1}) B 
    	     					where B.num >= #{param2}
	</select>
	   
	<select id="AcademySearchDao"  resultType="com.study.spring.dto.AcademyBoardDto">
		select * from ( select ROWNUM NUM, A.*
					from ( select * from TB_ACADEMY_BOARD
						where ACADEMY_NAME = #{param3} AND ACADEMY_TITLE LIKE '%'||#{param4}||'%'
					   	order by REGISTRATIONDATE DESC) A
					where ROWNUM <![CDATA[<=]]> #{param1}) B 
			where B.num >= #{param2}			
	</select>
	
	   <select id="AcademyContent_viewDao" resultType="com.study.spring.dto.AcademyBoardDto">
	      select * from TB_ACADEMY_BOARD where ACADEMY_ALLID = #{param1}
	   </select>
	
		<select id="pageDao" resultType="Integer">
			select count(*) as total from TB_ACADEMY_BOARD WHERE ACADEMY_NAME = #{param1} 
		</select>
		
		<select id="SearchpageDao" resultType="Integer">
			select count(*) as total from TB_ACADEMY_BOARD WHERE ACADEMY_NAME = #{param1}
			AND ACADEMY_TITLE LIKE '%'||#{param2}||'%'
		</select>
	
		<update id="AcademyBoard_modifyDao">
			UPDATE TB_ACADEMY_BOARD SET ACADEMY_TITLE = #{param2}, ACADEMY_CONTENT = #{param3}
			WHERE ACADEMY_ALLID = #{param1}
		</update>
		
		<insert id="AcademyBoard_Reg">
			INSERT INTO TB_ACADEMY_BOARD (ACADEMY_ALLID, ACADEMY_NAME, ACADEMY_TITLE, ACADEMY_CONTENT, ACADEMY_BID)
			VALUES (ACADEMY_BOARD_SEQ.NEXTVAL, #{param1}, #{param2}, #{param3}, #{param4})
		</insert>
		
		<select id="AcademyContent_Bid" resultType="Integer">
	      	select ACADEMY_BID from 
	      		( select * from TB_ACADEMY_BOARD
         			where academy_name = #{param1}
       					order by ACADEMY_BID DESC)
			where ROWNUM='1'
	   	</select>
	   	
	   	<delete id="AcademyBoard_Delete">
	   		delete from TB_ACADEMY_BOARD WHERE ACADEMY_ALLID = #{param1}
	   	</delete>
	
		<!-- 비콘 사용 여부 -->
		
		<select id="Beaconlist" resultType="com.study.spring.dto.ClassDto">
       		select * from ( select ROWNUM NUM, A.*
                  from ( select * from TB_CLASS where ACADEMY_NAME = #{param3}
                        order by CLASS_NAME DESC ) A
                             where ROWNUM <![CDATA[<=]]> #{param1}) B 
                           where B.num >= #{param2}
     	</select>   
   
     	<select id="BeaconSearchlist"  resultType="com.study.spring.dto.ClassDto">
      	select * from ( select ROWNUM NUM, A.*
               from ( select * from TB_CLASS
                  where ACADEMY_NAME = #{param3} AND BEACON_ID LIKE '%'||#{param4}||'%'
                     order by CLASS_NAME DESC) A
               where ROWNUM <![CDATA[<=]]> #{param1}) B 
         where B.num >= #{param2}         
      	</select>
      	
      	<select id="Beaconpage" resultType="Integer">
			select count(*) as total from TB_CLASS WHERE ACADEMY_NAME = #{param1} 
		</select>
		
		<select id="BeaconSearchpage" resultType="Integer">
			select count(*) as total from TB_CLASS WHERE ACADEMY_NAME = #{param1}
			AND BEACON_ID LIKE '%'||#{param2}||'%'
		</select>
      
</mapper>