<?xml version="1.0" encoding="UTF-8"?>
<!DOCTYPE mapper
   PUBLIC "-//mybatis.org//DTD Mapper 3.0//EN"
   "http://mybatis.org/dtd/mybatis-3-mapper.dtd">

<mapper namespace="com.study.spring.dao.AttendDao">

	<select id="classTime" resultType="com.study.spring.dto.ClassDto">
		SELECT CLASS_START, CLASS_END FROM TB_CLASS WHERE ACADEMY_NAME = #{param1} AND CLASS_NAME = #{param2}
	</select>

	<select id="attendSelect" resultType="Integer">
		SELECT COUNT(*) FROM TB_ATTEND
		WHERE 	ACADEMY_NAME = #{param1} AND CLASS_NAME = #{param2}
		AND 	STUDENT_NAME = #{param3} AND ATTEND_DATE = #{param4}
	</select>
	
	<insert id="attendInsert">

		INSERT INTO TB_ATTEND( ACADEMY_NAME, CLASS_NAME, STUDENT_NAME, ATTEND_DATE, ATTEND_STAT, ATTEND_TIME)
		VALUES(#{param1}, #{param2}, #{param3}, #{param4}, #{param5}, #{param6})
	</insert>
	
	<update id="studentStatus">
		UPDATE TB_STUDENT
		SET ATTEND_STAT = #{param1}, ATTEND_TIME = #{param2}
		WHERE ACADEMY_NAME = #{param3}
		AND CLASS_NAME = #{param4}
		AND STUDENT_NAME = #{param5}
	</update>
	
	<!-- 학생목록과 맥주소 이름순 정렬 -->
	<select id="TeacherAttendCheck" resultType="com.study.spring.dto.StudentDto">
		SELECT STUDENT_NAME, STUDENT_MAC
		FROM TB_STUDENT WHERE ACADEMY_NAME = #{param1} AND CLASS_NAME = #{param2}
		ORDER BY STUDENT_NAME
	</select>
	
	<!-- 페이지 차트 띄우기용 출결수체크 -->
	<select id="SubAttendCheck" resultType="com.study.spring.dto.AttendDto">
		SELECT ATTEND_STAT FROM TB_ATTEND 
		WHERE ACADEMY_NAME = #{param1} AND ATTEND_DATE = #{param2}
	</select>
	

	<!-- 일일등하원현황 -->
	<select id="AttendList" resultType="com.study.spring.dto.StudentDto">
		select * from ( select ROWNUM NUM, A.*
					from ( select * from TB_STUDENT
						where ACADEMY_NAME = #{param3}
					   	order by CLASS_NAME ASC) A
					where ROWNUM <![CDATA[<=]]> #{param1}) B 
			where B.num >= #{param2}
	</select>
	
	<select id="AttendSearchList" resultType="com.study.spring.dto.StudentDto">
		select * from ( select ROWNUM NUM, A.*
					from ( select * from TB_STUDENT
						where ACADEMY_NAME = #{param3} AND ${param5} LIKE '%'||#{param4}||'%'
					   	order by CLASS_NAME ASC) A
					where ROWNUM <![CDATA[<=]]> #{param1}) B 
			where B.num >= #{param2}			
	</select>
	
	<select id="Attendpage" resultType="Integer">
		select count(*) as total from TB_STUDENT WHERE ACADEMY_NAME = #{param1} 
	</select>
	
	<select id="AttendSearchpage" resultType="Integer">
		select count(*) as total from TB_STUDENT WHERE ACADEMY_NAME = #{param1}
		AND ${param3} LIKE '%'||#{param2}||'%'
	</select>
	
	<!-- 개인 등하원 현황 및 학생,부모 정보 -->
	<select id="AttendInfo" resultType="com.study.spring.dto.StudentDto">
		select * from TB_STUDENT
		where ACADEMY_NAME = #{param1} AND CLASS_NAME = #{param2} AND STUDENT_NAME = #{param3}
	</select>
	
	<select id="AttendStartTime" resultType="com.study.spring.dto.AttendDto">
		select *
			from (
			    select ATTEND_TIME, ATTEND_STAT
				    from TB_ATTEND
					    where ACADEMY_NAME = #{param1}
					    and CLASS_NAME = #{param2}
					    and STUDENT_NAME = #{param3}
					    and ATTEND_DATE = #{param4}
					    order by ATTEND_TIME )
			where ROWNUM = 1
	</select>
	
	<select id="AttendEndTime" resultType="com.study.spring.dto.AttendDto">
		select *
			from (
			    select ATTEND_TIME, ATTEND_STAT
				    from TB_ATTEND
					    where ACADEMY_NAME = #{param1}
					    and CLASS_NAME = #{param2}
					    and STUDENT_NAME = #{param3}
					    and ATTEND_DATE = #{param4}
					    order by ATTEND_TIME DESC)
			where ROWNUM = 1
	</select>
	
	<select id="MonthDate" resultType="com.study.spring.dto.AttendDto">
      select DISTINCT ATTEND_DATE from TB_ATTEND
      where ACADEMY_NAME = #{param1} order by ATTEND_DATE
   </select>
   
   
	<!-- 월별 현황 -->
	<select id="AttendMonthInfo" resultType="com.study.spring.dto.StudentDto">
		select * from ( select ROWNUM NUM, A.*
					from ( select * from TB_STUDENT 
						where ACADEMY_NAME = #{param3}
						order by CLASS_NAME ASC) A
					where ROWNUM <![CDATA[<=]]> #{param1}) B 
			where B.num >= #{param2}
	</select>
	
	<select id="InPeople" resultType="Integer">
		select count(*) as total from TB_STUDENT 
			WHERE ACADEMY_NAME = #{param1} and ATTEND_STAT = '출석' OR
				  ACADEMY_NAME = #{param1} and ATTEND_STAT = '지각'
	</select>
	
	<select id="OutPeople" resultType="Integer">
		select count(*) as total from TB_STUDENT 
			WHERE ACADEMY_NAME = #{param1} and ATTEND_STAT = '조퇴' OR
			      ACADEMY_NAME = #{param1} and ATTEND_STAT = '퇴근'
	</select>
	
	
	
	
	
	<!-- <select id="AcademyContent_viewDao" resultType="com.study.spring.dto.AcademyBoardDto">
      select * from TB_ACADEMY_BOARD where ACADEMY_ALLID = #{param1}
   </select>

	<select id="pageDao" resultType="Integer">
		select count(*) as total from TB_ACADEMY_BOARD WHERE ACADEMY_NAME = #{param1} 
	</select>
	
	<select id="SearchpageDao" resultType="Integer">
		select count(*) as total from TB_ACADEMY_BOARD WHERE ACADEMY_NAME = #{param1}
		AND ACADEMY_TITLE LIKE '%'||#{param2}||'%'
	</select>

	<update id="AcademyBoard_modifyDao">
		UPDATE TB_ACADEMY_BOARD SET ACADEMY_TITLE = #{param2}, ACADEMY_CONTENT = #{param3}
		WHERE ACADEMY_ALLID = #{param1}
	</update>
	
	<insert id="AcademyBoard_Reg">
		INSERT INTO TB_ACADEMY_BOARD (ACADEMY_ALLID, ACADEMY_NAME, ACADEMY_TITLE, ACADEMY_CONTENT, ACADEMY_BID)
		VALUES (ACADEMY_BOARD_SEQ.NEXTVAL, #{param1}, #{param2}, #{param3}, #{param4})
	</insert>
	
	<select id="AcademyContent_Bid" resultType="Integer">
      	select ACADEMY_BID from 
      		( select * from TB_ACADEMY_BOARD
        			where academy_name = #{param1}
      					order by ACADEMY_BID DESC)
		where ROWNUM='1'
   	</select> -->
   	
   	<!-- <delete id="AcademyBoard_Delete">
   		delete from TB_ACADEMY_BOARD WHERE ACADEMY_ALLID = #{param1}
   	</delete> -->
	
</mapper>

