<?xml version="1.0" encoding="UTF-8"?>
<!DOCTYPE mapper
   PUBLIC "-//mybatis.org//DTD Mapper 3.0//EN"
   "http://mybatis.org/dtd/mybatis-3-mapper.dtd">

<mapper namespace="com.study.spring.dao.BoardDao">


	<!-- 게시판 관련 쿼리 -->
	<select id="listDao" resultType="com.study.spring.dto.BDto">
		select * from ( select ROWNUM NUM, A.*
					from ( select * from tb_board
						where bType = #{param3}
					   	order by bGroup DESC, bStep ASC) A
					where ROWNUM <![CDATA[<=]]> #{param1}) B 
			where B.num >= #{param2}
	</select>
	
	
	<select id="listHold" resultType="com.study.spring.dto.BDto">
		select * from tb_board
						where bType = #{param1}
					   	order by bId DESC, bGroup DESC, bStep ASC
	</select>
	<!-- 검색 -->
	<select id="searchlistDao"  resultType="com.study.spring.dto.BDto">
		select * from ( select ROWNUM NUM, A.*
					from ( select * from tb_board
						where bType = #{param3} AND ${param4} LIKE '%'||#{param5}||'%'
					   	order by bGroup DESC, bStep ASC) A
					where ROWNUM <![CDATA[<=]]> #{param1}) B 
			where B.num >= #{param2}			
	</select>
	
	<select id="pageDao" resultType="Integer">
		select count(*) as total from tb_board
		where bType = #{param1} AND ${param2} LIKE '%'||#{param3}||'%'
	</select>
	<select id="pageDao1" resultType="Integer">
		select count(*) as total from tb_board
		where bType = #{param1} 
	</select>
	<select id="pageDao2" resultType="Integer">
		select count(*) as total from TB_ACADEMY_BOARD
		where ACADEMY_NAME = #{param1} 
	</select>
	<select id="MainlistHold" resultType="com.study.spring.dto.AcademyBoardDto">
		select * from TB_ACADEMY_BOARD
		where ACADEMY_NAME = #{param1}
		order by REGISTRATIONDATE DESC
	</select>

	<insert id="writeDao">

		INSERT INTO TB_BOARD (BALLID, BTYPE, BID, BNAME, BTITLE, BCONTENT, BGROUP, BSTEP, BINDENT)
		VALUES(BALLID_SEQ.NEXTVAL, #{param1}, ${param2}_ID_SEQ.NEXTVAL, #{param3}, #{param4}, #{param5}, BALLID_SEQ.CURRVAL, 0, 0)
  
		<!-- INSERT INTO BOARD (NID, MWRITER, NCOTNET) VALUES (BOARD_SEQ.NEXTVAL,#{param1}, 
			#{param2}) -->
	</insert>

	<select id="viewDao" resultType="com.study.spring.dto.BDto">
		SELECT * FROM TB_BOARD WHERE BALLID = #{param1}
	</select>

	<update id="modifyDao">
		UPDATE TB_BOARD SET BTITLE = #{param2}, BCONTENT = #{param3}
		WHERE BALLID = #{param1}
	</update>

	<update id="replysDao">
		UPDATE TB_BOARD SET BSTEP = BSTEP +1 WHERE BGROUP = #{param1} AND BSTEP > #{param2}
	</update>


 	<insert id="replyDao">
		INSERT INTO TB_BOARD(BALLID, BTYPE, BID, BNAME, BTITLE, BCONTENT, BGROUP, BSTEP, BINDENT)
		VALUES(BALLID_SEQ.NEXTVAL, #{param1}, ${param2}_ID_SEQ.NEXTVAL, #{param3}, #{param4} , #{param5}, #{param6}, ${param7}+1, ${param8}+1)
	</insert> 

	<update id="upHit">
   		update 	TB_BOARD
		set 	bHit = bHit + 1
		where	BALLID = #{param1} 
   </update>

	<delete id="deleteDao">
		DELETE FROM TB_BOARD WHERE BALLID = #{param1}
	</delete>
	
	<select id="listDaoann" resultType="com.study.spring.dto.BDto">
		select * from tb_board where bType = #{param1} order by bId DESC, bGroup DESC, bStep ASC							
	</select>
	<select id="listDaoinq" resultType="com.study.spring.dto.BDto">
		select * from tb_board where bType = #{param1} order by bId DESC, bGroup DESC, bStep ASC							
	</select>
	<select id="listDaoqna" resultType="com.study.spring.dto.BDto">
		select * from tb_board where bType = #{param1} order by bId DESC, bGroup DESC, bStep ASC							
	</select>
	
	
</mapper>