<?xml version="1.0" encoding="UTF-8"?>
<!DOCTYPE mapper
   PUBLIC "-//mybatis.org//DTD Mapper 3.0//EN"
   "http://mybatis.org/dtd/mybatis-3-mapper.dtd">

<mapper namespace="com.study.spring.dao.ClassDao">

	<insert id="LectureRegistration">

		INSERT INTO TB_CLASS (ACADEMY_NAME, CURRICULUM_NAME, CLASS_NAME, CLASS_LOCATION, CLASS_START, CLASS_END, BEACON_ID,
		 TEACHER_NAME, CURRICULUM_PEIOD, CURRICULUM_MONEY, CURRICULUM_INTRODUCE, CLASS_DAY )
		VALUES(#{param1}, #{param2}, #{param3}, #{param4}, #{param5}, #{param6}, #{param7,jdbcType=VARCHAR},
		 #{param8}, #{param9,jdbcType=VARCHAR}, #{param10,jdbcType=VARCHAR}, #{param11,jdbcType=VARCHAR}, #{param12,jdbcType=VARCHAR})
	</insert>
	
	 <select id="listDao" resultType="com.study.spring.dto.ClassDto">
		select * from ( select ROWNUM NUM, A.*
					from ( select * from TB_CLASS 
						where ACADEMY_NAME = #{param1}
					   	order by TEACHER_NAME ASC) A
					where ROWNUM <![CDATA[<=]]> #{param2}) B 
			where B.num >= #{param3}
	</select>
	
	<select id="ClistDao" resultType="com.study.spring.dto.ClassDto">
		select * from TB_CLASS  
		where ACADEMY_NAME = #{param1} AND TEACHER_NAME = #{param2}
	</select>
	<select id="AllClistDao" resultType="com.study.spring.dto.ClassDto">
		select * from TB_CLASS  
		where ACADEMY_NAME = #{param1}
	</select>
	
	<select id="searchlistDao"  resultType="com.study.spring.dto.ClassDto">
		select * from ( select ROWNUM NUM, A.*
					from ( select * from TB_CLASS
						where ACADEMY_NAME = #{param1} AND ${param4} LIKE '%'||#{param5}||'%'
					   	order by TEACHER_NAME ASC) A
					where ROWNUM <![CDATA[<=]]> #{param2}) B 
			where B.num >= #{param3}			
	</select>
	
	<select id="pageDao" resultType="Integer">
		select count(*) as total from TB_CLASS
		where ACADEMY_NAME = #{param1} AND ${param2} LIKE '%'||#{param3}||'%'
	</select>
	<select id="pageDao1" resultType="Integer">
		select count(*) as total from TB_CLASS
		where  ACADEMY_NAME = #{param1}
	</select>
	
	<delete id="ClassDelete">
		delete from TB_CLASS WHERE ACADEMY_NAME = #{param1} AND CLASS_NAME = #{param2}
	</delete>
	
</mapper>