<?xml version="1.0" encoding="UTF-8"?>
<!DOCTYPE mapper
   PUBLIC "-//mybatis.org//DTD Mapper 3.0//EN"
   "http://mybatis.org/dtd/mybatis-3-mapper.dtd">

<mapper namespace="com.study.spring.dao.LoginDao">

	<!-- 메인페이지 로그인 관련 쿼리 -->
	<!-- <select id="Account" resultType="String">
		select ACADEMY_NAME from TB_ACADEMY where ACADEMY_ID = #{param1}
	</select> -->
	
	<select id="AccountPw" parameterType="String" resultType="String">
		SELECT ACADEMY_PW FROM TB_ACADEMY WHERE ACADEMY_ID = #{param1}
	</select>
	
	<select id="AccountName" parameterType="String" resultType="String">
		SELECT ACADEMY_NAME FROM TB_ACADEMY WHERE ACADEMY_ID = #{param1}
	</select>
	
	<!-- 학원정보들어가기전 패스워스 관련 쿼리 -->
	<select id="AcademyPw" parameterType="String" resultType="String">
		SELECT ACADEMY_PW FROM TB_ACADEMY WHERE ACADEMY_NAME = #{param1}
	</select>
	
</mapper>