<?xml version="1.0" encoding="UTF-8"?>
<!DOCTYPE mapper
   PUBLIC "-//mybatis.org//DTD Mapper 3.0//EN"
   "http://mybatis.org/dtd/mybatis-3-mapper.dtd">

<mapper namespace="com.study.spring.dao.RegDao">

	<select id="listDao" resultType="com.study.spring.dto.RegDto">
      select * from ( select ROWNUM NUM, A.*
               from ( select * from TB_REGIST order by REG_DATE DESC ) A
               where ROWNUM <![CDATA[<=]]> #{param1}) B 
         where B.num >= #{param2}
   </select>

   <select id="viewDao" resultType="com.study.spring.dto.RegDto">
      select * from TB_REGIST where REG_NUM = #{param1}
   </select>

	<select id="pageDao" resultType="Integer">
		select count(*) as total from TB_REGIST
	</select>

	<insert id="RegWrite">

		INSERT INTO TB_REGIST (REG_NUM, ACADEMY_ID, ACADEMY_PW, ACADEMY_NAME, ACADEMY_TEL, ACADEMY_ADDRESS, MANAGER_NAME,
		MANAGER_TEL, CONTRACT_PERIOD) VALUES (REGIST_SEQ.NEXTVAL, #{param1}, #{param2}, #{param3},
		#{param4}, #{param5}, #{param6}, #{param7}, #{param8})
	</insert>
	
	<update id="YN">
		UPDATE TB_REGIST SET CONFIRM_YN = 'y' WHERE REG_NUM = #{param1}
	</update>
	
	<update id="NY">
		UPDATE TB_REGIST SET CONFIRM_YN = 'n' WHERE REG_NUM = #{param1}
	</update>
	
	<insert id="RegOK">
		INSERT INTO TB_ACADEMY (ACADEMY_ID, ACADEMY_PW, ACADEMY_NAME, ACADEMY_TEL, ACADEMY_ADDRESS, MANAGER_NAME,
		MANAGER_TEL, CONTRACT_PERIOD) VALUES (#{param1}, #{param2}, #{param3},
		#{param4}, #{param5}, #{param6}, #{param7}, #{param8})
	</insert>
	
	<select id="idcheck" parameterType="String" resultType="Integer">
		SELECT COUNT(ACADEMY_ID) FROM TB_REGIST WHERE ACADEMY_ID = #{param1} 
		AND CONFIRM_YN is null or  ACADEMY_ID = #{param1} AND CONFIRM_YN = 'y'
		
	</select>
	<select id="namecheck" parameterType="String" resultType="Integer">
		SELECT COUNT(ACADEMY_NAME)
        FROM TB_REGIST
        WHERE ACADEMY_NAME = #{param1}
        AND CONFIRM_YN is null or  ACADEMY_NAME = #{param1} AND CONFIRM_YN = 'y'
		
	</select>

	
	
</mapper>