<?xml version="1.0" encoding="UTF-8"?>
<!DOCTYPE mapper
   PUBLIC "-//mybatis.org//DTD Mapper 3.0//EN"
   "http://mybatis.org/dtd/mybatis-3-mapper.dtd">

<mapper namespace="com.study.spring.dao.StudentDao">

	<select id="AndroidLoginCheck" resultType="com.study.spring.dto.StudentDto">
		SELECT * FROM TB_STUDENT WHERE STUDENT_NAME = #{param1} AND STUDENT_PW = #{param2}
	</select>
	
	<!-- 학생 등록 및 목록 -->
	
	<insert id="StudentRegistration">

		INSERT INTO TB_STUDENT (ACADEMY_NAME, CLASS_NAME, STUDENT_NAME, STUDENT_GENDER, STUDENT_TEL, STUDENT_PW, STUDENT_BIRTH,
		 GUARDIAN_NAME, GUARDIAN_TEL, GUARDIAN_GENDER, STUDENT_STATE)
		VALUES(#{param1}, #{param2,jdbcType=VARCHAR}, #{param3}, #{param4,jdbcType=VARCHAR}, #{param5}, #{param6}, #{param7,jdbcType=VARCHAR},
		 #{param8}, #{param9}, #{param10,jdbcType=VARCHAR}, #{param11})
	</insert>
	
	<select id="pageDao" resultType="Integer">
		select count(*) as total from TB_STUDENT
		where ACADEMY_NAME = #{param1} AND ${param2} LIKE '%'||#{param3}||'%'
	</select>
	<select id="pageDao1" resultType="Integer">
		select count(*) as total from TB_STUDENT
		where  ACADEMY_NAME = #{param1}
	</select>
	<select id="pageDao2" resultType="Integer">
		select count(*) as total from TB_STUDENT
		where  ACADEMY_NAME = #{param1} AND CLASS_NAME = #{param2}
	</select>
	<select id="pageDao3" resultType="Integer">
		select count(*) as total from TB_STUDENT
		where  ACADEMY_NAME = #{param1} AND STUDENT_STATE = #{param2}
	</select>
	<select id="pageDao4" resultType="Integer">
		select count(*) as total from TB_STUDENT
		where ACADEMY_NAME = #{param1} AND STUDENT_STATE = #{param2} AND ${param3} LIKE '%'||#{param4}||'%'
	</select>
	
	<select id="listDao" resultType="com.study.spring.dto.StudentDto">
		select * from ( select ROWNUM NUM, A.*
					from ( select * from TB_STUDENT 
						where ACADEMY_NAME = #{param1}
					   	order by STUDENT_NAME ASC) A
					where ROWNUM <![CDATA[<=]]> #{param2}) B 
			where B.num >= #{param3}
	</select>
	<select id="ClasslistDao" resultType="com.study.spring.dto.StudentDto">
		select * from ( select ROWNUM NUM, A.*
					from ( select * from TB_STUDENT 
						where ACADEMY_NAME = #{param1} AND CLASS_NAME = #{param2}
					   	order by STUDENT_NAME ASC) A
					where ROWNUM <![CDATA[<=]]> #{param3}) B 
			where B.num >= #{param4}
	</select>
	<select id="StateList"  resultType="com.study.spring.dto.StudentDto">
		select * from ( select ROWNUM NUM, A.*
					from ( select * from TB_STUDENT
						where ACADEMY_NAME = #{param1} AND STUDENT_STATE = #{param2}
					   	order by STUDENT_NAME ASC) A
					where ROWNUM <![CDATA[<=]]> #{param3}) B 
			where B.num >= #{param4}			
	</select>
	<select id="searchlistDao"  resultType="com.study.spring.dto.StudentDto">
		select * from ( select ROWNUM NUM, A.*
					from ( select * from TB_STUDENT
						where ACADEMY_NAME = #{param1} AND STUDENT_STATE = #{param2} AND ${param5} LIKE '%'||#{param6}||'%'
					   	order by STUDENT_NAME ASC) A
					where ROWNUM <![CDATA[<=]]> #{param3}) B 
			where B.num >= #{param4}			
	</select>
	<select id="searchStateList"  resultType="com.study.spring.dto.StudentDto">
		select * from ( select ROWNUM NUM, A.*
					from ( select * from TB_STUDENT
						where ACADEMY_NAME = #{param1} AND STUDENT_STATE = #{param2} AND ${param5} LIKE '%'||#{param6}||'%'
					   	order by STUDENT_NAME ASC) A
					where ROWNUM <![CDATA[<=]]> #{param3}) B 
			where B.num >= #{param4}			
	</select>
	
	<select id="StudentNameDao" resultType="com.study.spring.dto.StudentDto">
		select * from TB_STUDENT
		where ACADEMY_NAME = #{param1}
	</select>
	<select id="ClassStudentDao" resultType="com.study.spring.dto.StudentDto">
		select * from TB_STUDENT
		where ACADEMY_NAME = #{param1} AND CLASS_NAME = #{param2}
	</select>
	
	<!-- 학생 반 목록 -->
	<select id="AttendanceListDao" resultType="com.study.spring.dto.StudentDto">
		SELECT * FROM ( SELECT ROWNUM NUM, A.*
			from ( SELECT * FROM TB_STUDENT 
				where CLASS_NAME = #{param4} AND ACADEMY_NAME = #{param3}
				ORDER BY STUDENT_NAME ASC) A
					where ROWNUM <![CDATA[<=]]> #{param1}) B 
						where B.num >= #{param2}
	</select>	
			
	<update id="AttendanceModifyDao">
		UPDATE TB_STUDENT SET STUDENT_TEL = #{param3}, STUDENT_PW = #{param4}, GUARDIAN_TEL = #{param5}
		WHERE CLASS_NAME = #{param1} AND STUDENDT_NAME = #{param2}
	</update>
		
	<!-- <delete id="AttendanceDeleteDao">
		DELETE FROM TB_STUDENT WHERE CLASS_NAME = #{param1} AND STUDENDT_NAME = #{param2}
	</delete> -->
	
	<select id="AttendancePageDao" resultType="Integer">
		select count(*) as total from TB_STUDENT
	</select>
	
	<!-- 학생 현재상태 및 출결 처리시각 -->
	<select id="AttendanceList2Dao" resultType="com.study.spring.dto.AttendanceDto">
		SELECT * FROM ( SELECT ROWNUM NUM, A.*
			from ( SELECT * FROM TB_ATTEND 
				where CLASS_NAME = #{param3} ORDER BY STUDENT_NAME ASC) A
					where ROWNUM <![CDATA[<=]]> #{param1}) B 
						where B.num >= #{param2}
	</select>
	
	<select id="AttendancePageDao2" resultType="Integer">
		select count(*) as total from TB_ATTEND
	</select>
	<update id="ClassDelete">
		UPDATE TB_STUDENT SET CLASS_NAME = #{param2} 
		WHERE ACADEMY_NAME = #{param1} AND CLASS_NAME = #{param3}
	</update>
	
	<update id="ClassStudentDelete">
		UPDATE TB_STUDENT SET CLASS_NAME = #{param2} 
		WHERE ACADEMY_NAME = #{param1} AND CLASS_NAME = #{param3} AND STUDENT_NAME = #{param4}
	</update>
	
	<select id="StudentInfo" resultType="com.study.spring.dto.StudentDto">
		select * from TB_STUDENT 
		WHERE ACADEMY_NAME = #{param1} AND STUDENT_NAME = #{param2} AND STUDENT_TEL = #{param3}
	</select>
	<select id="StudentInfo1" resultType="com.study.spring.dto.StudentDto">
		select * from TB_STUDENT 
		WHERE ACADEMY_NAME = #{param1} AND STUDENT_TEL = #{param2}
	</select>
	
	<update id="StudentModify">
		UPDATE TB_STUDENT SET CLASS_NAME = #{param4}, STUDENT_GENDER = #{param5}, STUDENT_TEL = #{param6}, 
		STUDENT_PW = #{param7}, STUDENT_BIRTH = #{param8,jdbcType=VARCHAR}, GUARDIAN_NAME = #{param9}, 
		GUARDIAN_TEL = #{param10}, GUARDIAN_GENDER = #{param11}, STUDENT_STATE = #{param12},
		STUDENT_REASON = #{param13,jdbcType=VARCHAR} 
		WHERE ACADEMY_NAME = #{param1} AND STUDENT_NAME = #{param2} AND STUDENT_TEL = #{param3}
	</update>
</mapper>