<?xml version="1.0" encoding="UTF-8"?>
<!DOCTYPE mapper
   PUBLIC "-//mybatis.org//DTD Mapper 3.0//EN"
   "http://mybatis.org/dtd/mybatis-3-mapper.dtd">

<mapper namespace="com.study.spring.dao.TeacherDao">

	<insert id="TeacherRegistration">

		INSERT INTO TB_TEACHER (ACADEMY_NAME, CLASS_NAME, TEACHER_NAME, TEACHER_TEL, TEACHER_GENDER, TEACHER_BIRTH, TEACHER_EMAIL,
		 TEACHER_SUBJECT, TEACHER_ENDSCHOOL, TEACHER_MAJOR, TEACHER_INTRODUCE, TEACHER_CAREER, TEACHER_PW)
		VALUES(#{param1}, #{param2}, #{param3}, #{param4}, #{param5}, #{param6}, #{param7},
		 #{param8}, #{param9}, #{param10}, #{param11}, #{param12},#{param13})
	</insert>
	
	<select id="listDao" resultType="com.study.spring.dto.TeacherDto">
		select * from ( select ROWNUM NUM, A.*
					from ( select * from TB_TEACHER 
						where ACADEMY_NAME = #{param1}
					   	order by TEACHER_NAME ASC) A
					where ROWNUM <![CDATA[<=]]> #{param2}) B 
			where B.num >= #{param3}
	</select>
	
	<select id="searchlistDao"  resultType="com.study.spring.dto.TeacherDto">
		select * from ( select ROWNUM NUM, A.*
					from ( select * from TB_TEACHER
						where ACADEMY_NAME = #{param1} AND ${param4} LIKE '%'||#{param5}||'%'
					   	order by TEACHER_NAME ASC) A
					where ROWNUM <![CDATA[<=]]> #{param2}) B 
			where B.num >= #{param3}			
	</select>
	
	<select id="TeacherNameDao" resultType="com.study.spring.dto.TeacherDto">
		select * from TB_TEACHER
		where ACADEMY_NAME = #{param1}
	</select>
	<!-- 안드로이드 select 선생님 전화번호 뽑을 -->
	<select id="searchNumberDao" resultType="com.study.spring.dto.TeacherDto">
		SELECT TEACHER_TEL fROM TB_TEACHER WHERE ACADEMY_NAME = #{param1} AND CLASS_NAME= #{param2}
	</select>
	<!-- 1111111111111111111111111111111111-->
	
	<select id="pageDao" resultType="Integer">
		select count(*) as total from TB_TEACHER
		where ACADEMY_NAME = #{param1} AND ${param2} LIKE '%'||#{param3}||'%'
	</select>
	<select id="pageDao1" resultType="Integer">
		select count(*) as total from TB_TEACHER
		where  ACADEMY_NAME = #{param1}
	</select>
	
	<update id="TeacherClass">
		UPDATE TB_TEACHER SET CLASS_NAME = #{param2} 
		WHERE ACADEMY_NAME = #{param1} AND TEACHER_NAME = #{param3}
	</update>
	
	<update id="TeacherClassDelete">
		UPDATE TB_TEACHER SET CLASS_NAME = #{param2} 
		WHERE ACADEMY_NAME = #{param1} AND TEACHER_NAME = #{param3}
	</update>
	
	<update id="TeacherInfoModify">
		UPDATE TB_TEACHER SET TEACHER_TEL = #{param3}, TEACHER_GENDER = #{param4}, TEACHER_EMAIL = #{param5,jdbcType=VARCHAR},
		TEACHER_SUBJECT = #{param6}, TEACHER_ENDSCHOOL = #{param7}, TEACHER_MAJOR = #{param8,jdbcType=VARCHAR}, TEACHER_INTRODUCE = #{param9,jdbcType=VARCHAR}, 
		TEACHER_CAREER = #{param10}, TEACHER_PW = #{param11} 
		WHERE ACADEMY_NAME = #{param1} AND TEACHER_NAME = #{param2}
	</update>
	
	<select id="TeacherInfo" resultType="com.study.spring.dto.TeacherDto">
		select * from TB_TEACHER  
		where ACADEMY_NAME = #{param1} AND TEACHER_NAME = #{param2}
	</select>
	
	<!-- 안드로이드 강사 로그인 체크 -->
	<select id="AndroidLoginCheck" resultType="com.study.spring.dto.TeacherDto">
		SELECT * FROM TB_TEACHER WHERE TEACHER_NAME = #{param1} AND TEACHER_PW = #{param2}
	</select>
	
</mapper>